Policy,Sum_Rate,Runtime_Total_ms,Quality_pct_OPT
GRY,1.6090174264952903,6.201028823852539,97.30564512353604
QIH-Neal,1.6090174264952903,23.71692657470703,97.30564512353604
ICA (Proxy),1.7562095604052246,11.447553634643555,106.20711835270617
HPQ (OPT Proxy),1.6535704834519467,150.59208869934082,100.0
