Users,Qubits,R_HPQ,T_HPQ,R_QIH,T_QIH,R_GRY,T_GRY,R_ICA,T_ICA,Iteration
2,8.0,1.9990067216713299,61.54928207397461,1.9990067216713299,10.234355926513672,1.9990067216713299,3.428936004638672,2.1189471249716094,311.5492820739746,2.0
3,12.0,1.754237540895503,85.16502380371094,1.8509089500621763,13.423871994018555,1.754237540895503,4.106855392456055,1.8594917933492332,335.16502380371094,2.0
4,16.0,1.6596981174875716,116.24069213867188,1.7527430103661061,17.354679107666016,1.6596981174875716,5.089521408081055,1.7592800045368258,366.2406921386719,2.0
5,20.0,1.6291692359542416,149.4734287261963,1.7330404863396716,22.090911865234375,1.6092384844679946,6.460380554199219,1.726919390111496,399.4734287261963,2.0
