Policy,Sum_Rate,Runtime_ms,Quality_%
GRY,1.6092384844679946,6.468820571899414,93.18550093783453
QIO-JLSPA (HPQ),1.6291692359542416,150.4591941833496,94.33962264150944
ICA (Proxy),1.726919390111496,400.4591941833496,100.0
