Policy,Sum_Rate,Runtime_ms,Quality_%
GRY,1.6092384844679946,6.460380554199219,93.18550093783453
QIO-JLSPA (HPQ),1.6291692359542416,149.4734287261963,94.33962264150944
ICA (Proxy),1.726919390111496,399.4734287261963,100.0
