Users,Rate_QIO,Rate_Greedy,Improvement_x,Time_ms
4,9.900474242285647,1.659348426288343,5.9664830396297095,255.46631813049316
8,2.212338531754164,1.5406832267548398,1.435946399192026,713.6171817779541
12,1.108894930045098,1.5059419280742132,0.7363464084323254,1389.6042108535767
16,1.2721115521466042,1.4892936320061,0.8541710813824213,2409.6051692962646
