Users,Qubits,Rate_Truth,Rate_QIO,Rate_Greedy,Opt_Gap,Improvement,Runtime_ms
4,24,13.287856641840545,4.612169443584641,1.6591092842069048,65.29034314637373,177.99069582021966,315.6144618988037
8,48,0.0,12.92388156723942,1.5405007839287603,0.0,738.94027851641,864.4347190856934
12,72,0.0,13.092642951095891,1.5054415633554838,0.0,769.687888908398,1560.5545043945312
16,96,0.0,13.03458780555616,1.4889210556435344,0.0,775.4384764827181,2609.1468334198
