Users,Rate_Truth,Rate_QIO,Rate_Greedy,Optimality_Gap_Pct,Gain_vs_Greedy,Time_QIO_ms
4,13.287856641840545,12.049086068952047,1.6595720664969913,9.322576291106884,626.0357240397003,134.26640033721924
8,0.0,2.4180640076211097,1.5407922652264312,0.0,56.93640617190901,367.92097091674805
12,0.0,1.1417258954731095,1.5059222987161816,0.0,-24.184275878878626,732.6351642608643
16,0.0,1.2549888009128387,1.4893543014652622,0.0,-15.736047515480307,1357.5345516204834
