Users,Qubits,R_HPQ (Near-Optimum),T_HPQ_ms,R_QIO (Proposed),T_QIO_ms,R_GRY (Greedy),T_GRY_ms,Iteration
4,16.0,1.6597522184994604,117.68094698588054,1.7533361302537191,17.284552256266277,1.6597522184994604,4.906177520751953,1.0
8,32.0,1.576701912759465,275.7241725921631,5.491474726273032,52.2774855295817,1.5406071818014055,12.222687403361002,1.0
12,48.0,5.166538067641095,535.1556936899821,5.3980428984035145,103.1349500020345,1.505396007459832,25.815327962239582,1.0
16,64.0,5.443669806948957,767.1708265940348,8.610053425258245,259.85511144002277,1.4886748203991989,56.85710906982422,1.0
